Test Case ID,Test Run Id,Failure Count,Failed Steps,Unique Failure Count,Exception ID,Exception Name,TestCase update date,Failed Step update date,Application Error (Y/N),Execution Time for test case,Predecessor TestCase ID,Successor TestCase ID,Error Type,Defects logged,RCA for Defect
1505,311,6,20,1,237,ArithematicException,"Monday, 9 September, 2019","Friday, 6 February, 2015",No,13:40:10,1505,1793,LogicError,Yes,PaymentNotDoneMethod
1219,423,13,49,11,468,NumberFormatException,"Monday, 16 August, 2010","Thursday, 14 February, 2013",Yes,15:06:54,1219,1803,SyntaxError,Yes,NullValue
1259,323,23,39,8,344,NoSuchMethodException,"Monday, 23 December, 2013","Monday, 9 December, 2013",Yes,13:19:13,1259,2004,SyntaxError,Yes,MoreNumberOFUser
1158,8,24,38,4,478,NullPointerException,"Thursday, 16 December, 2010","Friday, 18 May, 2018",Yes,15:05:16,1158,1790,ComplieTime,Yes,NullValue
1485,20,10,19,4,330,IllegalArgumentException,"Monday, 15 May, 2017","Tuesday, 28 February, 2012",No,14:59:08,1485,1826,ComplieTime,No,PaymentNotDoneMethod
1200,257,8,46,11,258,IllegalStateException,"Monday, 1 May, 2017","Monday, 9 November, 2015",Yes,12:28:51,1200,1753,Runtime,Yes,PaymentNotDoneMethod
1568,195,9,34,7,130,NoSuchMethodException,"Monday, 25 April, 2011","Friday, 16 May, 2014",No,13:30:59,1568,1978,ComplieTime,No,ServerStorage
1364,264,27,48,5,460,ClassCastException,"Monday, 1 April, 2013","Monday, 24 February, 2014",Yes,17:26:51,1364,1636,ComplieTime,No,IllegalKeyGeneration
1114,375,7,47,5,89,NoSuchMethodException,"Thursday, 30 November, 2017","Monday, 9 October, 2017",Yes,06:38:46,1114,2012,SyntaxError,No,PaymentNotDoneMethod
1253,2,30,33,9,484,NoSuchMethodException,"Thursday, 24 January, 2019","Friday, 2 February, 2018",No,10:06:06,1253,1654,SyntaxError,Yes,MoreNumberOFUser
1587,196,16,49,13,238,NullPointerException,"Monday, 6 June, 2011","Monday, 29 August, 2011",Yes,18:27:24,1587,1634,LogicError,Yes,ServerStorage
1600,279,18,35,1,299,ParseException,"Friday, 25 January, 2019","Monday, 13 May, 2013",No,17:43:35,1600,1689,SyntaxError,Yes,ServerStorage
1187,121,2,26,10,130,IllegalArgumentException,"Wednesday, 17 February, 2016","Monday, 16 December, 2019",Yes,17:08:01,1187,2000,SyntaxError,No,IllegalKeyGeneration
1381,237,17,50,4,366,ParseException,"Friday, 1 November, 2019","Monday, 15 July, 2019",No,09:54:31,1381,1903,ComplieTime,Yes,IllegalKeyGeneration
1417,170,21,32,3,365,IllegalArgumentException,"Monday, 27 February, 2017","Tuesday, 23 August, 2011",No,11:57:25,1417,2100,LogicError,Yes,NullValue
1500,218,25,54,11,370,ClassCastException,"Friday, 2 October, 2015","Thursday, 16 August, 2018",No,14:15:33,1500,1854,ComplieTime,No,MoreNumberOFUser
1414,323,10,43,7,221,NoSuchMethodException,"Friday, 30 September, 2016","Tuesday, 12 April, 2016",No,07:58:24,1414,1676,ComplieTime,No,NullValue
1373,142,10,39,10,341,NoSuchMethodException,"Friday, 4 December, 2015","Friday, 13 January, 2017",No,18:20:33,1373,1629,ComplieTime,Yes,ServerStorage
1560,56,5,38,4,307,NoSuchMethodException,"Wednesday, 25 December, 2013","Monday, 4 November, 2019",Yes,17:33:43,1560,1699,LogicError,No,PaymentNotDoneMethod
1515,394,15,49,10,214,IllegalStateException,"Monday, 6 May, 2019","Monday, 12 December, 2016",No,18:50:24,1515,1898,LogicError,Yes,MoreNumberOFUser
1418,166,28,49,2,174,InvocationTargetException,"Monday, 30 March, 2015","Monday, 3 September, 2018",No,09:44:38,1418,1886,SyntaxError,Yes,ServerStorage
1125,347,17,48,1,221,NoSuchMethodException,"Tuesday, 4 September, 2012","Thursday, 9 May, 2019",Yes,18:01:19,1125,1947,ComplieTime,Yes,NullValue
1222,257,21,50,12,118,NoSuchMethodException,"Tuesday, 22 July, 2014","Friday, 11 May, 2012",No,17:18:53,1222,2092,ComplieTime,No,MoreNumberOFUser
1534,263,18,28,10,388,ParseException,"Friday, 9 September, 2016","Monday, 16 February, 2015",No,14:45:57,1534,2083,SyntaxError,Yes,IllegalKeyGeneration
1388,262,6,44,11,352,IllegalStateException,"Monday, 4 November, 2019","Wednesday, 6 June, 2018",No,13:49:44,1388,1788,Runtime,Yes,MoreNumberOFUser
1129,306,24,57,6,425,IllegalStateException,"Tuesday, 6 August, 2019","Wednesday, 6 September, 2017",Yes,12:46:23,1129,1945,SyntaxError,Yes,ServerStorage
1173,493,9,23,11,48,ParseException,"Wednesday, 4 April, 2018","Friday, 19 July, 2013",No,15:48:12,1173,1714,ComplieTime,Yes,ServerStorage
1450,433,25,20,6,14,NullPointerException,"Monday, 6 July, 2020","Monday, 15 April, 2019",Yes,17:37:57,1450,1870,SyntaxError,Yes,NullValue
1342,248,27,57,7,64,RuntimeException,"Wednesday, 14 March, 2018","Wednesday, 21 January, 2015",No,14:00:33,1342,1940,Runtime,No,PaymentNotDoneMethod
1267,427,6,10,6,190,NullPointerException,"Tuesday, 30 July, 2019","Friday, 4 May, 2018",No,12:50:45,1267,1882,LogicError,No,ServerStorage
1209,171,20,51,8,216,ParseException,"Monday, 17 July, 2017","Monday, 19 October, 2015",No,16:55:33,1209,2051,SyntaxError,Yes,NullValue
1156,204,24,40,4,32,RuntimeException,"Wednesday, 30 November, 2016","Tuesday, 23 May, 2017",Yes,13:38:09,1156,1984,LogicError,No,IllegalKeyGeneration
1234,173,9,32,13,160,ClassCastException,"Tuesday, 14 July, 2020","Monday, 18 April, 2011",No,09:33:05,1234,1856,LogicError,Yes,PaymentNotDoneMethod
1125,81,4,46,2,352,NumberFormatException,"Friday, 8 December, 2017","Monday, 4 June, 2012",No,11:39:47,1125,1662,LogicError,Yes,ServerStorage
1588,82,5,21,8,202,ArithematicException,"Wednesday, 20 November, 2019","Tuesday, 9 June, 2015",No,10:13:46,1588,1808,Runtime,No,PaymentNotDoneMethod
1139,31,28,30,8,12,RuntimeException,"Monday, 15 September, 2014","Monday, 19 September, 2011",Yes,14:28:46,1139,1749,ComplieTime,No,ServerStorage
1339,248,23,57,7,178,RuntimeException,"Monday, 25 May, 2015","Friday, 4 August, 2017",Yes,11:46:57,1339,1830,LogicError,Yes,IllegalKeyGeneration
1436,391,21,10,6,375,ParseException,"Tuesday, 14 May, 2013","Thursday, 1 August, 2013",No,07:27:21,1436,1904,SyntaxError,No,MoreNumberOFUser
1256,278,15,39,3,44,ArithematicException,"Friday, 14 September, 2018","Tuesday, 5 July, 2016",Yes,07:19:43,1256,1986,Runtime,No,ServerStorage
1524,437,23,57,12,38,RuntimeException,"Friday, 4 December, 2015","Wednesday, 8 May, 2019",No,11:30:05,1524,2094,SyntaxError,No,ServerStorage
1514,480,18,19,3,448,ArithematicException,"Friday, 11 May, 2018","Tuesday, 12 November, 2019",Yes,09:41:21,1514,1686,LogicError,Yes,PaymentNotDoneMethod
1540,408,24,54,10,306,ClassCastException,"Monday, 9 May, 2016","Monday, 18 April, 2016",Yes,13:54:17,1540,1687,SyntaxError,No,ServerStorage
1171,245,16,37,13,171,IllegalArgumentException,"Monday, 30 June, 2014","Friday, 17 September, 2010",No,17:46:22,1171,2010,SyntaxError,No,MoreNumberOFUser
1294,86,10,31,4,13,ArithematicException,"Monday, 20 January, 2020","Monday, 7 September, 2015",Yes,09:37:05,1294,2032,Runtime,No,PaymentNotDoneMethod
1449,287,29,42,1,61,ArithematicException,"Thursday, 30 August, 2012","Friday, 27 May, 2011",Yes,17:40:32,1449,1667,LogicError,No,ServerStorage
1513,12,21,12,13,70,IllegalArgumentException,"Tuesday, 18 October, 2011","Wednesday, 23 March, 2011",Yes,08:19:28,1513,1612,LogicError,Yes,MoreNumberOFUser
1493,468,10,21,1,459,ClassCastException,"Monday, 29 October, 2012","Friday, 14 February, 2014",Yes,12:05:18,1493,1757,LogicError,Yes,IllegalKeyGeneration
1105,121,22,30,4,320,ClassCastException,"Wednesday, 10 August, 2011","Wednesday, 17 June, 2015",No,14:30:03,1105,1657,ComplieTime,Yes,PaymentNotDoneMethod
1231,318,20,11,8,233,IllegalArgumentException,"Tuesday, 3 May, 2016","Friday, 6 December, 2013",Yes,18:13:25,1231,1848,ComplieTime,Yes,ServerStorage
1535,65,20,59,6,298,RuntimeException,"Wednesday, 25 August, 2010","Monday, 30 August, 2010",Yes,17:33:39,1535,1903,Runtime,No,ServerStorage
1157,222,9,16,13,429,RuntimeException,"Tuesday, 6 January, 2015","Monday, 13 April, 2020",No,13:52:20,1157,1875,ComplieTime,Yes,ServerStorage
1556,420,5,50,13,203,RuntimeException,"Friday, 22 June, 2018","Tuesday, 1 January, 2019",No,09:23:50,1556,1795,LogicError,Yes,NullValue
1211,378,22,21,13,330,NullPointerException,"Monday, 10 April, 2017","Tuesday, 20 August, 2019",No,11:47:59,1211,1984,LogicError,No,MoreNumberOFUser
1600,23,4,21,9,124,NumberFormatException,"Tuesday, 6 December, 2011","Monday, 13 July, 2020",Yes,09:55:51,1600,1722,Runtime,Yes,PaymentNotDoneMethod
1482,417,21,18,13,388,NoSuchMethodException,"Tuesday, 1 October, 2013","Friday, 30 June, 2017",Yes,12:32:09,1482,1956,Runtime,Yes,MoreNumberOFUser
1597,494,23,33,10,102,IllegalArgumentException,"Monday, 19 November, 2012","Monday, 13 June, 2016",Yes,08:30:22,1597,2043,ComplieTime,Yes,ServerStorage
1248,465,4,38,10,342,ArithematicException,"Monday, 17 February, 2014","Wednesday, 27 July, 2016",No,15:42:20,1248,1881,LogicError,Yes,ServerStorage
1144,36,2,16,12,405,NullPointerException,"Monday, 20 June, 2016","Monday, 14 January, 2013",Yes,08:48:24,1144,1681,LogicError,No,PaymentNotDoneMethod
1108,410,27,17,12,156,NullPointerException,"Monday, 27 April, 2015","Thursday, 9 June, 2016",No,09:25:25,1108,1933,LogicError,No,PaymentNotDoneMethod
1404,116,27,26,12,173,RuntimeException,"Wednesday, 15 May, 2013","Friday, 29 January, 2016",No,14:58:59,1404,1987,Runtime,Yes,MoreNumberOFUser
1385,480,19,22,5,226,InvocationTargetException,"Tuesday, 12 July, 2016","Wednesday, 6 November, 2019",No,13:58:49,1385,1879,Runtime,No,IllegalKeyGeneration
1175,269,14,21,7,355,IllegalStateException,"Tuesday, 15 December, 2015","Friday, 9 November, 2012",No,14:47:38,1175,2025,ComplieTime,No,NullValue
1407,89,15,57,5,188,RuntimeException,"Wednesday, 20 April, 2016","Monday, 24 December, 2018",No,16:56:38,1407,2082,SyntaxError,Yes,NullValue
1431,309,15,51,2,488,InvocationTargetException,"Wednesday, 1 July, 2020","Monday, 27 April, 2015",No,11:29:44,1431,1793,SyntaxError,No,NullValue
1177,122,30,32,12,148,ParseException,"Monday, 3 July, 2017","Monday, 2 June, 2014",Yes,07:35:15,1177,2087,LogicError,No,MoreNumberOFUser
1108,63,19,26,1,247,ArithematicException,"Thursday, 19 May, 2011","Thursday, 16 April, 2020",Yes,10:15:12,1108,2058,LogicError,No,IllegalKeyGeneration
1436,285,3,35,6,303,NullPointerException,"Wednesday, 1 August, 2018","Thursday, 31 January, 2013",Yes,08:10:55,1436,1696,LogicError,No,ServerStorage
1360,229,9,17,12,47,RuntimeException,"Wednesday, 18 August, 2010","Friday, 7 June, 2019",Yes,13:46:21,1360,1790,LogicError,No,IllegalKeyGeneration
1313,360,14,50,5,10,NullPointerException,"Thursday, 22 July, 2010","Monday, 30 October, 2017",Yes,09:28:30,1313,1635,Runtime,No,PaymentNotDoneMethod
1548,129,3,29,3,33,IllegalArgumentException,"Friday, 24 June, 2016","Wednesday, 28 June, 2017",Yes,15:36:06,1548,1784,LogicError,Yes,ServerStorage
1581,175,22,55,4,342,IllegalArgumentException,"Monday, 20 December, 2010","Wednesday, 7 February, 2018",Yes,18:11:42,1581,1640,ComplieTime,No,ServerStorage
1551,124,1,58,12,422,ParseException,"Thursday, 6 February, 2014","Wednesday, 15 March, 2017",Yes,13:11:45,1551,1869,SyntaxError,Yes,MoreNumberOFUser
1494,78,26,24,4,157,InvocationTargetException,"Monday, 24 June, 2013","Wednesday, 20 May, 2020",No,11:01:09,1494,1839,Runtime,No,IllegalKeyGeneration
1265,330,5,17,13,287,ArithematicException,"Wednesday, 27 May, 2015","Monday, 23 August, 2010",Yes,13:46:11,1265,1988,Runtime,No,ServerStorage
1407,86,30,27,7,46,IllegalArgumentException,"Monday, 5 October, 2015","Friday, 11 November, 2016",Yes,08:34:04,1407,1687,Runtime,No,PaymentNotDoneMethod
1275,456,13,13,9,413,ParseException,"Thursday, 14 July, 2011","Friday, 30 July, 2010",Yes,11:11:41,1275,1837,SyntaxError,Yes,PaymentNotDoneMethod
1558,308,18,45,2,408,NumberFormatException,"Thursday, 9 July, 2015","Wednesday, 14 August, 2019",Yes,13:13:46,1558,1958,LogicError,No,PaymentNotDoneMethod
1128,40,11,56,3,409,ArithematicException,"Monday, 23 January, 2012","Tuesday, 8 April, 2014",Yes,14:23:44,1128,1669,LogicError,No,MoreNumberOFUser
1193,72,24,29,8,451,IllegalArgumentException,"Monday, 6 June, 2016","Monday, 19 March, 2018",Yes,11:33:32,1193,1709,ComplieTime,Yes,ServerStorage
1301,417,13,52,7,426,NoSuchMethodException,"Monday, 6 January, 2020","Friday, 17 July, 2020",Yes,12:37:19,1301,1702,Runtime,No,PaymentNotDoneMethod
1279,262,22,28,7,485,NoSuchMethodException,"Wednesday, 7 December, 2016","Tuesday, 15 November, 2016",Yes,15:38:48,1279,1845,LogicError,Yes,ServerStorage
1580,279,27,47,11,89,ArithematicException,"Friday, 5 October, 2018","Tuesday, 7 August, 2012",Yes,06:29:02,1580,2028,Runtime,No,MoreNumberOFUser
1207,332,24,10,6,124,IllegalArgumentException,"Friday, 31 May, 2013","Monday, 7 December, 2015",No,13:12:03,1207,1683,ComplieTime,No,IllegalKeyGeneration
1252,469,6,58,8,162,InvocationTargetException,"Monday, 15 February, 2016","Monday, 26 July, 2010",Yes,11:35:46,1252,1774,ComplieTime,No,MoreNumberOFUser
1375,245,30,36,4,432,InvocationTargetException,"Monday, 23 July, 2012","Monday, 9 September, 2019",No,13:07:55,1375,1692,LogicError,Yes,IllegalKeyGeneration
1412,64,24,29,6,443,ClassCastException,"Monday, 13 August, 2018","Thursday, 5 September, 2013",No,09:12:52,1412,2003,LogicError,No,NullValue
1436,347,9,51,7,337,NullPointerException,"Friday, 27 December, 2019","Monday, 17 February, 2014",No,14:24:02,1436,1982,ComplieTime,Yes,PaymentNotDoneMethod
1223,318,6,25,11,360,NullPointerException,"Wednesday, 5 February, 2020","Monday, 16 September, 2019",No,15:35:47,1223,1883,LogicError,No,PaymentNotDoneMethod
1503,293,29,13,12,194,ArithematicException,"Wednesday, 25 March, 2020","Tuesday, 4 August, 2015",No,12:02:16,1503,2002,LogicError,No,PaymentNotDoneMethod
1267,454,18,55,12,147,IllegalArgumentException,"Monday, 6 September, 2010","Monday, 13 March, 2017",No,17:56:00,1267,1975,LogicError,Yes,NullValue
1431,305,14,32,4,8,IllegalArgumentException,"Monday, 13 May, 2013","Wednesday, 31 July, 2019",No,07:32:09,1431,2052,Runtime,Yes,IllegalKeyGeneration
1582,319,26,39,1,275,ArithematicException,"Thursday, 30 May, 2019","Monday, 18 June, 2018",Yes,07:41:13,1582,1924,SyntaxError,Yes,MoreNumberOFUser
1438,20,17,56,2,480,ArithematicException,"Thursday, 7 October, 2010","Wednesday, 12 December, 2012",Yes,17:17:45,1438,1613,SyntaxError,No,NullValue
1394,442,18,22,6,176,NullPointerException,"Thursday, 2 February, 2017","Monday, 28 May, 2012",No,08:13:43,1394,1791,ComplieTime,No,ServerStorage
1166,356,1,45,5,477,NullPointerException,"Monday, 2 December, 2019","Monday, 9 July, 2018",No,06:26:36,1166,2013,ComplieTime,Yes,IllegalKeyGeneration
1389,197,20,60,5,187,ClassCastException,"Monday, 15 April, 2013","Wednesday, 9 May, 2018",Yes,11:50:36,1389,2045,SyntaxError,Yes,IllegalKeyGeneration
1532,237,17,18,9,286,InvocationTargetException,"Monday, 1 June, 2015","Friday, 13 June, 2014",Yes,16:00:46,1532,1822,Runtime,Yes,PaymentNotDoneMethod
1255,98,15,20,2,405,RuntimeException,"Tuesday, 10 December, 2013","Thursday, 31 May, 2012",Yes,12:11:05,1255,1908,ComplieTime,No,ServerStorage
1486,395,14,36,11,33,IllegalStateException,"Thursday, 5 October, 2017","Thursday, 2 March, 2017",Yes,10:58:30,1486,1789,LogicError,Yes,PaymentNotDoneMethod
1346,26,2,53,5,356,ClassCastException,"Friday, 12 November, 2010","Wednesday, 20 July, 2016",Yes,12:13:28,1346,1720,LogicError,No,ServerStorage
1219,236,20,19,8,416,NumberFormatException,"Monday, 25 February, 2019","Thursday, 30 December, 2010",No,10:28:54,1219,1975,Runtime,No,PaymentNotDoneMethod
1200,386,18,32,6,80,NumberFormatException,"Tuesday, 2 September, 2014","Wednesday, 3 April, 2013",Yes,17:02:14,1200,1799,SyntaxError,No,PaymentNotDoneMethod
1585,476,27,55,13,144,ArithematicException,"Thursday, 31 May, 2012","Monday, 20 February, 2012",No,13:18:09,1585,1997,SyntaxError,No,IllegalKeyGeneration
1550,417,3,58,7,85,NoSuchMethodException,"Monday, 11 December, 2017","Wednesday, 1 May, 2019",No,18:47:29,1550,1772,SyntaxError,Yes,MoreNumberOFUser
1392,129,22,13,9,71,IllegalStateException,"Tuesday, 12 August, 2014","Monday, 14 March, 2016",Yes,08:36:08,1392,1661,Runtime,Yes,ServerStorage
1423,414,20,36,3,271,NumberFormatException,"Monday, 25 September, 2017","Monday, 4 November, 2019",Yes,16:48:43,1423,1605,LogicError,Yes,IllegalKeyGeneration
1134,30,17,11,4,337,NumberFormatException,"Tuesday, 20 June, 2017","Tuesday, 6 August, 2019",Yes,08:37:07,1134,2080,LogicError,No,IllegalKeyGeneration
1260,71,17,11,2,10,IllegalStateException,"Friday, 22 November, 2019","Monday, 16 June, 2014",No,10:00:17,1260,1985,SyntaxError,No,ServerStorage
1485,151,7,22,13,86,NullPointerException,"Monday, 31 January, 2011","Monday, 12 September, 2016",No,12:53:07,1485,1690,ComplieTime,No,ServerStorage
1347,481,28,40,1,246,IllegalStateException,"Thursday, 28 May, 2020","Monday, 22 December, 2014",Yes,09:08:00,1347,1712,Runtime,No,PaymentNotDoneMethod
1559,346,24,27,13,118,InvocationTargetException,"Monday, 23 June, 2014","Tuesday, 3 October, 2017",Yes,09:16:51,1559,1826,SyntaxError,No,IllegalKeyGeneration
1540,252,3,22,5,343,ArithematicException,"Monday, 13 September, 2010","Wednesday, 5 December, 2012",Yes,11:50:10,1540,2017,Runtime,No,NullValue
1491,127,17,33,10,209,ParseException,"Monday, 23 March, 2015","Tuesday, 5 May, 2020",No,13:48:43,1491,1939,LogicError,No,PaymentNotDoneMethod
1445,96,1,45,11,307,NumberFormatException,"Friday, 8 November, 2019","Friday, 20 March, 2020",Yes,14:17:11,1445,1601,ComplieTime,No,IllegalKeyGeneration
1236,421,11,30,13,129,NumberFormatException,"Thursday, 19 January, 2012","Thursday, 5 August, 2010",Yes,06:47:40,1236,1623,LogicError,Yes,ServerStorage
1258,270,1,38,9,82,IllegalArgumentException,"Tuesday, 4 July, 2017","Monday, 23 June, 2014",Yes,18:23:58,1258,1937,LogicError,No,ServerStorage
1247,361,3,35,5,84,IllegalArgumentException,"Monday, 6 September, 2010","Tuesday, 21 December, 2010",Yes,09:08:28,1247,2093,LogicError,Yes,MoreNumberOFUser
1172,336,17,25,8,383,NoSuchMethodException,"Monday, 26 June, 2017","Monday, 30 May, 2011",No,18:57:19,1172,1605,SyntaxError,No,ServerStorage
1449,43,7,24,1,37,NoSuchMethodException,"Tuesday, 13 July, 2010","Monday, 20 June, 2016",Yes,06:25:55,1449,1794,LogicError,No,IllegalKeyGeneration
1544,110,24,19,10,430,InvocationTargetException,"Wednesday, 26 April, 2017","Friday, 27 December, 2019",Yes,18:14:32,1544,1882,ComplieTime,No,ServerStorage
1465,183,15,54,11,15,ArithematicException,"Thursday, 1 August, 2013","Monday, 30 December, 2013",No,16:52:41,1465,1706,SyntaxError,Yes,NullValue
1506,139,1,53,3,193,NumberFormatException,"Monday, 25 March, 2013","Wednesday, 23 November, 2016",No,09:52:17,1506,1757,ComplieTime,No,IllegalKeyGeneration
1352,446,30,41,1,496,IllegalStateException,"Monday, 28 January, 2013","Thursday, 8 August, 2013",No,06:35:12,1352,1715,Runtime,No,IllegalKeyGeneration
1138,357,26,11,1,490,NullPointerException,"Monday, 30 April, 2012","Monday, 23 May, 2016",Yes,08:11:39,1138,1835,LogicError,Yes,IllegalKeyGeneration
1316,161,24,29,10,59,NullPointerException,"Monday, 25 February, 2019","Thursday, 30 July, 2020",Yes,09:57:25,1316,1635,LogicError,No,IllegalKeyGeneration
1366,478,21,22,4,76,NoSuchMethodException,"Monday, 24 March, 2014","Tuesday, 31 March, 2015",No,11:01:48,1366,1686,LogicError,Yes,PaymentNotDoneMethod
1259,497,10,52,2,452,IllegalArgumentException,"Monday, 24 October, 2016","Tuesday, 25 February, 2020",Yes,11:59:09,1259,1639,SyntaxError,No,PaymentNotDoneMethod
1120,187,3,30,8,110,RuntimeException,"Thursday, 1 July, 2010","Thursday, 28 May, 2020",Yes,10:11:35,1120,1855,Runtime,Yes,ServerStorage
1515,274,12,22,10,332,NullPointerException,"Monday, 18 November, 2013","Monday, 4 March, 2019",No,17:00:46,1515,1823,SyntaxError,Yes,MoreNumberOFUser
1129,488,3,24,3,473,ParseException,"Wednesday, 9 July, 2014","Thursday, 18 June, 2020",Yes,16:27:39,1129,1623,ComplieTime,Yes,PaymentNotDoneMethod
1319,457,6,35,4,284,ParseException,"Wednesday, 21 October, 2015","Friday, 28 April, 2017",No,06:49:26,1319,1951,LogicError,Yes,ServerStorage
1290,474,23,52,12,222,IllegalArgumentException,"Tuesday, 10 December, 2019","Monday, 10 January, 2011",Yes,15:34:27,1290,2059,LogicError,No,ServerStorage
1581,405,30,33,10,476,IllegalStateException,"Thursday, 26 November, 2015","Friday, 28 February, 2020",No,12:23:22,1581,1944,ComplieTime,No,MoreNumberOFUser
1127,319,21,11,12,129,RuntimeException,"Wednesday, 6 May, 2015","Monday, 25 October, 2010",No,14:14:03,1127,1904,SyntaxError,No,ServerStorage
1459,315,21,54,9,174,InvocationTargetException,"Monday, 3 February, 2020","Thursday, 21 November, 2013",Yes,08:32:33,1459,1863,LogicError,Yes,IllegalKeyGeneration
1442,215,8,15,7,294,IllegalArgumentException,"Thursday, 30 June, 2016","Wednesday, 10 July, 2013",Yes,14:27:32,1442,1974,SyntaxError,Yes,MoreNumberOFUser
1427,474,26,25,4,355,ClassCastException,"Tuesday, 7 February, 2017","Monday, 22 August, 2011",No,11:41:31,1427,1921,ComplieTime,No,PaymentNotDoneMethod
1306,254,13,33,13,327,NoSuchMethodException,"Monday, 23 May, 2011","Thursday, 31 May, 2018",Yes,18:38:01,1306,2054,LogicError,No,PaymentNotDoneMethod
1221,215,3,33,10,307,NumberFormatException,"Tuesday, 12 February, 2013","Tuesday, 6 October, 2015",No,10:29:31,1221,1642,ComplieTime,Yes,MoreNumberOFUser
1349,486,7,36,6,408,RuntimeException,"Tuesday, 8 May, 2012","Tuesday, 11 October, 2011",Yes,18:50:45,1349,1946,SyntaxError,Yes,ServerStorage
1573,396,9,60,5,392,RuntimeException,"Tuesday, 4 September, 2018","Monday, 5 July, 2010",Yes,07:40:58,1573,2009,LogicError,Yes,NullValue
1187,42,2,44,5,336,ClassCastException,"Thursday, 19 July, 2018","Thursday, 29 December, 2011",Yes,11:49:52,1187,2056,LogicError,Yes,PaymentNotDoneMethod
1598,119,4,29,3,309,RuntimeException,"Monday, 19 December, 2016","Friday, 25 December, 2015",Yes,07:10:20,1598,1977,Runtime,Yes,PaymentNotDoneMethod
1247,98,30,40,5,80,IllegalArgumentException,"Wednesday, 17 September, 2014","Tuesday, 31 July, 2012",No,12:43:57,1247,1967,LogicError,Yes,MoreNumberOFUser
1344,296,12,52,13,455,RuntimeException,"Thursday, 23 July, 2020","Tuesday, 28 March, 2017",Yes,13:43:51,1344,1766,SyntaxError,No,IllegalKeyGeneration
1208,173,7,14,2,27,ClassCastException,"Tuesday, 11 January, 2011","Tuesday, 29 October, 2013",No,13:18:51,1208,1935,SyntaxError,Yes,MoreNumberOFUser
1261,499,8,53,4,494,NoSuchMethodException,"Wednesday, 22 May, 2019","Monday, 10 April, 2017",No,18:47:43,1261,1689,LogicError,No,ServerStorage
1401,108,4,33,3,47,IllegalStateException,"Monday, 8 June, 2020","Tuesday, 28 January, 2014",Yes,11:23:07,1401,1944,Runtime,No,PaymentNotDoneMethod
1182,13,14,20,1,452,ParseException,"Friday, 27 September, 2019","Friday, 5 July, 2013",No,13:25:47,1182,1908,LogicError,Yes,PaymentNotDoneMethod
1403,49,23,49,3,206,IllegalStateException,"Tuesday, 3 December, 2019","Wednesday, 15 July, 2015",No,11:00:28,1403,2003,Runtime,No,IllegalKeyGeneration
1339,96,24,54,7,61,ClassCastException,"Monday, 8 April, 2019","Monday, 9 January, 2012",No,10:38:07,1339,1645,SyntaxError,No,NullValue
1443,467,23,40,1,326,InvocationTargetException,"Wednesday, 13 October, 2010","Friday, 19 July, 2013",No,11:36:24,1443,2087,ComplieTime,Yes,MoreNumberOFUser
1337,326,2,32,9,195,NoSuchMethodException,"Tuesday, 2 February, 2016","Monday, 1 July, 2013",No,13:12:01,1337,2045,Runtime,Yes,MoreNumberOFUser
1276,428,20,48,5,81,InvocationTargetException,"Monday, 15 June, 2015","Friday, 20 April, 2018",Yes,13:01:41,1276,1719,LogicError,Yes,ServerStorage
1463,351,5,10,9,228,NoSuchMethodException,"Tuesday, 4 July, 2017","Friday, 1 November, 2019",No,10:08:30,1463,1835,LogicError,Yes,ServerStorage
1571,471,8,13,4,179,IllegalArgumentException,"Thursday, 16 September, 2010","Monday, 24 July, 2017",No,12:28:41,1571,1993,Runtime,No,IllegalKeyGeneration
1166,266,14,22,9,247,NumberFormatException,"Monday, 21 October, 2019","Wednesday, 17 September, 2014",No,18:17:45,1166,1943,ComplieTime,No,MoreNumberOFUser
1261,27,22,40,1,295,IllegalArgumentException,"Monday, 19 August, 2013","Wednesday, 15 July, 2020",Yes,14:32:21,1261,2008,LogicError,Yes,PaymentNotDoneMethod
1176,431,21,35,11,426,RuntimeException,"Tuesday, 27 March, 2018","Wednesday, 7 November, 2018",No,06:39:23,1176,1896,ComplieTime,Yes,NullValue
1138,18,4,14,1,185,IllegalStateException,"Thursday, 22 March, 2012","Friday, 2 May, 2014",No,12:10:09,1138,1681,LogicError,Yes,PaymentNotDoneMethod
1587,21,30,50,2,392,ArithematicException,"Thursday, 27 July, 2017","Monday, 29 December, 2014",Yes,17:05:23,1587,2089,Runtime,Yes,IllegalKeyGeneration
1367,399,29,59,10,165,IllegalStateException,"Tuesday, 12 May, 2020","Thursday, 8 November, 2018",Yes,11:16:49,1367,1959,ComplieTime,Yes,NullValue
1551,333,5,38,9,468,NullPointerException,"Wednesday, 18 September, 2013","Monday, 5 March, 2012",Yes,15:15:30,1551,1615,Runtime,No,PaymentNotDoneMethod
1131,154,23,11,12,6,ParseException,"Monday, 13 July, 2015","Friday, 21 December, 2018",No,08:14:49,1131,1640,LogicError,No,PaymentNotDoneMethod
1563,231,6,48,10,363,NoSuchMethodException,"Thursday, 25 December, 2014","Monday, 4 June, 2018",No,15:31:42,1563,1965,Runtime,Yes,ServerStorage
1359,125,2,27,4,104,NullPointerException,"Thursday, 3 July, 2014","Monday, 22 June, 2015",No,11:02:27,1359,1880,LogicError,Yes,PaymentNotDoneMethod
1139,60,4,55,2,8,NoSuchMethodException,"Tuesday, 13 January, 2015","Wednesday, 6 November, 2013",Yes,13:28:43,1139,1834,Runtime,No,IllegalKeyGeneration
1521,267,16,47,4,110,RuntimeException,"Monday, 28 March, 2011","Monday, 16 September, 2019",Yes,14:00:11,1521,1928,LogicError,No,ServerStorage
1149,95,15,41,11,241,NoSuchMethodException,"Monday, 11 October, 2010","Monday, 26 December, 2011",Yes,13:00:14,1149,2083,LogicError,Yes,IllegalKeyGeneration
1166,353,21,48,10,395,InvocationTargetException,"Monday, 6 January, 2020","Monday, 23 July, 2018",No,13:05:10,1166,1910,SyntaxError,Yes,IllegalKeyGeneration
1548,250,6,38,6,230,IllegalStateException,"Monday, 18 July, 2016","Thursday, 15 July, 2010",Yes,15:50:57,1548,1669,ComplieTime,No,ServerStorage
1113,449,5,44,1,262,ArithematicException,"Wednesday, 17 August, 2016","Thursday, 3 January, 2019",No,08:26:22,1113,2007,ComplieTime,Yes,PaymentNotDoneMethod
1505,171,25,11,4,458,NullPointerException,"Wednesday, 3 February, 2016","Friday, 19 November, 2010",No,08:48:39,1505,1954,ComplieTime,Yes,MoreNumberOFUser
1330,59,10,18,2,30,RuntimeException,"Wednesday, 11 May, 2011","Monday, 23 August, 2010",No,11:46:47,1330,1716,ComplieTime,No,MoreNumberOFUser
1259,275,4,41,6,130,ParseException,"Monday, 20 September, 2010","Tuesday, 22 February, 2011",Yes,08:45:46,1259,1983,Runtime,Yes,NullValue
1135,149,8,37,1,71,ArithematicException,"Monday, 8 December, 2014","Wednesday, 28 January, 2015",Yes,15:52:29,1135,2067,LogicError,No,ServerStorage
1291,289,27,39,10,444,ArithematicException,"Friday, 27 March, 2015","Thursday, 6 September, 2012",No,10:31:32,1291,1813,LogicError,Yes,PaymentNotDoneMethod
1350,262,16,18,5,487,ArithematicException,"Friday, 18 January, 2019","Monday, 30 April, 2012",No,10:04:31,1350,1815,SyntaxError,Yes,MoreNumberOFUser
1407,430,25,24,9,296,IllegalArgumentException,"Monday, 14 October, 2013","Monday, 25 February, 2019",Yes,08:53:49,1407,2058,LogicError,Yes,NullValue
1335,288,30,60,12,59,NumberFormatException,"Friday, 7 November, 2014","Tuesday, 3 June, 2014",No,18:30:31,1335,1824,LogicError,Yes,PaymentNotDoneMethod
1359,448,8,48,13,110,InvocationTargetException,"Tuesday, 11 June, 2013","Monday, 19 September, 2016",Yes,07:21:30,1359,1815,Runtime,Yes,ServerStorage
1202,301,18,40,11,441,ArithematicException,"Monday, 22 April, 2019","Friday, 7 January, 2011",No,11:25:59,1202,1722,ComplieTime,No,PaymentNotDoneMethod
1216,36,5,35,13,54,RuntimeException,"Tuesday, 24 May, 2011","Monday, 10 August, 2015",No,18:16:16,1216,1984,LogicError,No,ServerStorage
1388,334,2,21,9,73,NoSuchMethodException,"Monday, 16 September, 2019","Thursday, 25 July, 2019",No,09:07:48,1388,1636,Runtime,No,ServerStorage
1105,22,17,21,4,222,ArithematicException,"Monday, 19 August, 2019","Monday, 14 January, 2013",No,18:03:50,1105,1881,LogicError,Yes,PaymentNotDoneMethod
1258,481,24,20,6,366,ClassCastException,"Monday, 5 November, 2018","Tuesday, 19 May, 2020",Yes,18:18:29,1258,1887,ComplieTime,No,MoreNumberOFUser
1166,161,30,24,6,144,ArithematicException,"Monday, 15 October, 2018","Friday, 27 September, 2019",Yes,06:22:09,1166,1789,LogicError,No,NullValue
1396,167,9,21,4,62,RuntimeException,"Tuesday, 31 December, 2019","Monday, 21 September, 2015",Yes,18:24:20,1396,1913,ComplieTime,Yes,PaymentNotDoneMethod
1254,334,8,28,12,422,ArithematicException,"Wednesday, 27 November, 2013","Tuesday, 4 February, 2020",Yes,13:22:02,1254,1633,Runtime,No,ServerStorage
1250,362,16,55,2,438,IllegalStateException,"Thursday, 31 December, 2015","Monday, 15 September, 2014",No,07:27:59,1250,1905,Runtime,Yes,PaymentNotDoneMethod
1147,333,1,48,1,346,InvocationTargetException,"Tuesday, 21 July, 2020","Thursday, 30 January, 2020",Yes,13:34:01,1147,2098,ComplieTime,Yes,IllegalKeyGeneration
1407,109,3,20,9,326,ParseException,"Monday, 2 April, 2018","Friday, 9 August, 2013",No,10:21:00,1407,1778,ComplieTime,No,IllegalKeyGeneration
1526,193,29,27,13,454,InvocationTargetException,"Thursday, 24 May, 2018","Tuesday, 2 December, 2014",No,07:43:20,1526,1940,SyntaxError,Yes,ServerStorage
1388,268,24,42,13,200,RuntimeException,"Wednesday, 15 March, 2017","Thursday, 7 November, 2013",No,16:11:11,1388,1730,LogicError,Yes,ServerStorage
1565,91,6,36,8,99,ClassCastException,"Wednesday, 8 April, 2020","Thursday, 27 September, 2012",Yes,15:36:24,1565,1757,ComplieTime,Yes,IllegalKeyGeneration
1191,463,28,53,10,133,IllegalArgumentException,"Monday, 2 May, 2016","Monday, 4 January, 2016",Yes,15:36:57,1191,1639,Runtime,No,IllegalKeyGeneration
1319,90,10,20,12,273,NullPointerException,"Tuesday, 12 April, 2011","Friday, 2 August, 2013",Yes,16:52:21,1319,1819,SyntaxError,Yes,IllegalKeyGeneration
1348,485,12,10,4,21,IllegalStateException,"Friday, 2 March, 2018","Monday, 11 June, 2012",No,12:19:53,1348,2060,LogicError,No,NullValue
1559,301,4,14,8,79,NumberFormatException,"Monday, 9 July, 2018","Friday, 30 March, 2012",Yes,14:42:22,1559,2035,Runtime,No,IllegalKeyGeneration
1150,239,10,15,3,198,InvocationTargetException,"Monday, 21 May, 2012","Monday, 23 September, 2019",No,13:08:01,1150,1718,Runtime,Yes,IllegalKeyGeneration
1568,51,24,32,1,370,NullPointerException,"Monday, 23 September, 2013","Monday, 20 February, 2017",Yes,14:04:08,1568,2000,Runtime,No,IllegalKeyGeneration
1323,9,12,23,13,195,InvocationTargetException,"Friday, 19 August, 2011","Monday, 3 June, 2013",Yes,06:07:10,1323,1728,ComplieTime,Yes,MoreNumberOFUser
1469,414,23,49,9,297,ArithematicException,"Monday, 12 February, 2018","Monday, 8 August, 2016",No,09:04:25,1469,1913,ComplieTime,No,NullValue
1111,86,22,53,4,185,IllegalStateException,"Monday, 8 April, 2019","Wednesday, 3 August, 2016",No,16:16:01,1111,1877,SyntaxError,Yes,PaymentNotDoneMethod
1446,141,21,29,12,428,IllegalStateException,"Friday, 21 July, 2017","Tuesday, 12 July, 2016",Yes,06:57:11,1446,1802,LogicError,No,IllegalKeyGeneration
1477,485,11,36,4,120,NumberFormatException,"Friday, 6 June, 2014","Monday, 7 November, 2011",Yes,13:05:55,1477,1952,Runtime,Yes,MoreNumberOFUser
1242,163,9,28,12,467,NoSuchMethodException,"Wednesday, 17 July, 2019","Monday, 20 August, 2012",Yes,15:19:30,1242,1908,Runtime,No,IllegalKeyGeneration
1293,494,11,28,13,65,ParseException,"Wednesday, 15 July, 2020","Thursday, 8 February, 2018",No,08:26:07,1293,1821,Runtime,No,NullValue
1298,374,25,42,7,94,IllegalStateException,"Monday, 11 June, 2012","Friday, 24 April, 2015",Yes,12:17:49,1298,1952,Runtime,No,MoreNumberOFUser
1200,374,23,52,12,288,RuntimeException,"Thursday, 14 May, 2020","Monday, 19 September, 2011",Yes,07:40:32,1200,2032,LogicError,Yes,PaymentNotDoneMethod
1138,332,24,25,5,37,ArithematicException,"Thursday, 20 December, 2012","Tuesday, 24 October, 2017",No,17:43:19,1138,1982,ComplieTime,Yes,MoreNumberOFUser
1441,444,13,37,10,46,NullPointerException,"Monday, 6 August, 2018","Friday, 14 December, 2018",No,09:32:46,1441,1815,Runtime,No,NullValue
1481,46,13,45,2,292,ArithematicException,"Thursday, 26 February, 2015","Wednesday, 18 January, 2012",No,12:37:56,1481,2100,LogicError,Yes,NullValue
1231,485,26,29,5,220,NullPointerException,"Monday, 27 August, 2012","Tuesday, 19 March, 2019",No,14:05:39,1231,1857,Runtime,Yes,NullValue
1562,122,5,51,6,156,RuntimeException,"Monday, 21 March, 2016","Thursday, 21 November, 2013",Yes,14:01:39,1562,1655,ComplieTime,No,MoreNumberOFUser
1368,292,7,22,1,238,IllegalArgumentException,"Monday, 4 June, 2018","Monday, 27 April, 2015",No,13:23:08,1368,1865,LogicError,Yes,ServerStorage
1354,248,26,31,12,106,IllegalArgumentException,"Thursday, 24 October, 2019","Thursday, 19 July, 2018",Yes,14:38:33,1354,1956,ComplieTime,Yes,PaymentNotDoneMethod
1306,389,3,11,9,338,ParseException,"Tuesday, 9 October, 2012","Tuesday, 10 January, 2017",Yes,10:03:54,1306,2084,ComplieTime,No,NullValue
1176,232,19,39,13,83,NullPointerException,"Tuesday, 14 January, 2014","Thursday, 16 March, 2017",No,09:26:50,1176,2001,ComplieTime,No,IllegalKeyGeneration
1469,479,5,39,4,270,ArithematicException,"Monday, 15 December, 2014","Monday, 8 June, 2020",No,12:18:45,1469,1927,LogicError,No,ServerStorage
1497,298,3,59,3,141,RuntimeException,"Monday, 12 October, 2015","Tuesday, 2 August, 2011",Yes,14:13:26,1497,1612,Runtime,Yes,NullValue
1102,352,16,10,10,153,IllegalStateException,"Thursday, 19 January, 2017","Wednesday, 7 March, 2018",No,15:15:39,1102,1929,LogicError,No,ServerStorage
1431,182,14,57,7,489,NoSuchMethodException,"Monday, 25 January, 2016","Friday, 3 June, 2011",No,16:14:24,1431,1935,LogicError,Yes,MoreNumberOFUser
1549,238,7,14,7,424,NoSuchMethodException,"Monday, 18 June, 2018","Monday, 11 October, 2010",No,16:45:33,1549,1916,Runtime,Yes,IllegalKeyGeneration
1414,500,15,51,11,235,NoSuchMethodException,"Tuesday, 31 December, 2019","Friday, 22 January, 2016",Yes,06:54:20,1414,1789,LogicError,Yes,MoreNumberOFUser
1470,403,21,41,3,152,ParseException,"Monday, 24 September, 2018","Thursday, 12 August, 2010",Yes,16:08:39,1470,1915,ComplieTime,No,IllegalKeyGeneration
1254,69,19,44,5,460,NullPointerException,"Thursday, 25 July, 2019","Thursday, 7 May, 2020",Yes,08:29:29,1254,1885,ComplieTime,Yes,NullValue
1137,342,20,10,6,274,NullPointerException,"Monday, 18 October, 2010","Monday, 3 February, 2014",Yes,13:57:48,1137,1603,LogicError,Yes,MoreNumberOFUser
1221,264,1,43,11,23,ParseException,"Monday, 16 July, 2018","Monday, 19 December, 2016",Yes,14:41:30,1221,1946,LogicError,No,MoreNumberOFUser
1548,124,24,43,2,463,IllegalArgumentException,"Thursday, 7 February, 2013","Thursday, 18 January, 2018",No,09:59:27,1548,1732,Runtime,Yes,NullValue
1188,97,25,39,5,125,InvocationTargetException,"Thursday, 30 April, 2015","Monday, 11 July, 2011",Yes,15:59:12,1188,1762,ComplieTime,No,PaymentNotDoneMethod
1379,84,19,47,3,345,InvocationTargetException,"Monday, 25 July, 2011","Monday, 11 February, 2019",No,08:41:14,1379,1942,SyntaxError,Yes,IllegalKeyGeneration
1520,259,11,57,4,292,ClassCastException,"Thursday, 16 January, 2014","Monday, 8 January, 2018",Yes,15:31:48,1520,1885,SyntaxError,No,PaymentNotDoneMethod
1304,207,19,25,9,107,InvocationTargetException,"Friday, 1 March, 2013","Monday, 21 May, 2018",Yes,16:49:28,1304,2074,LogicError,No,ServerStorage
1590,418,6,12,8,148,RuntimeException,"Thursday, 1 January, 2015","Monday, 30 December, 2013",No,14:14:04,1590,1940,Runtime,No,IllegalKeyGeneration
1218,362,10,20,2,72,IllegalStateException,"Wednesday, 18 December, 2013","Monday, 23 January, 2012",No,10:47:27,1218,2003,SyntaxError,Yes,IllegalKeyGeneration
1315,347,6,49,2,493,ClassCastException,"Wednesday, 15 February, 2017","Thursday, 25 October, 2018",Yes,15:57:14,1315,1938,LogicError,No,NullValue
1452,22,26,58,2,380,IllegalStateException,"Wednesday, 16 March, 2016","Monday, 18 April, 2011",Yes,17:16:59,1452,1994,Runtime,No,NullValue
1532,316,27,22,8,84,NullPointerException,"Monday, 7 October, 2019","Wednesday, 7 March, 2018",No,07:15:28,1532,2087,Runtime,Yes,MoreNumberOFUser
1594,34,8,37,7,195,ClassCastException,"Monday, 6 July, 2015","Friday, 11 November, 2011",Yes,16:36:21,1594,1667,ComplieTime,No,PaymentNotDoneMethod
1223,71,9,33,4,328,RuntimeException,"Thursday, 24 September, 2015","Friday, 18 February, 2011",Yes,18:53:21,1223,1666,LogicError,Yes,MoreNumberOFUser
1329,465,13,43,5,386,InvocationTargetException,"Tuesday, 31 March, 2015","Monday, 4 June, 2012",No,11:39:07,1329,1749,ComplieTime,Yes,IllegalKeyGeneration
1292,396,5,59,7,422,NoSuchMethodException,"Monday, 5 November, 2012","Monday, 11 November, 2013",No,08:25:46,1292,1961,ComplieTime,Yes,NullValue
1185,161,18,13,12,3,ArithematicException,"Thursday, 19 September, 2019","Wednesday, 18 July, 2012",Yes,10:36:25,1185,1648,SyntaxError,No,PaymentNotDoneMethod
1551,493,10,57,5,170,NullPointerException,"Friday, 24 June, 2016","Tuesday, 1 October, 2019",No,12:47:09,1551,1645,Runtime,Yes,ServerStorage
1590,156,20,23,12,299,RuntimeException,"Friday, 15 December, 2017","Wednesday, 16 December, 2015",Yes,18:41:27,1590,1948,SyntaxError,No,MoreNumberOFUser
1112,354,10,60,8,254,ClassCastException,"Friday, 9 November, 2012","Tuesday, 9 April, 2019",Yes,08:25:09,1112,1721,SyntaxError,No,PaymentNotDoneMethod
1498,18,12,12,1,495,InvocationTargetException,"Monday, 9 September, 2019","Tuesday, 26 May, 2020",Yes,18:51:41,1498,2079,LogicError,No,MoreNumberOFUser
1179,293,28,42,8,77,IllegalStateException,"Friday, 16 October, 2015","Monday, 24 January, 2011",Yes,06:56:00,1179,1680,ComplieTime,Yes,MoreNumberOFUser
1268,44,2,13,10,152,ArithematicException,"Monday, 31 August, 2015","Wednesday, 10 September, 2014",No,13:39:22,1268,1805,ComplieTime,Yes,IllegalKeyGeneration
1331,214,14,25,9,134,RuntimeException,"Wednesday, 16 December, 2015","Wednesday, 3 December, 2014",No,10:20:15,1331,1779,ComplieTime,No,NullValue
1184,162,16,36,8,319,ParseException,"Friday, 24 January, 2014","Monday, 4 July, 2011",No,08:48:53,1184,2045,LogicError,Yes,PaymentNotDoneMethod
1356,154,10,53,6,498,InvocationTargetException,"Monday, 7 January, 2013","Monday, 23 September, 2013",Yes,13:10:02,1356,1861,Runtime,Yes,MoreNumberOFUser
1455,81,15,51,11,289,InvocationTargetException,"Monday, 28 December, 2015","Thursday, 28 March, 2013",No,14:43:24,1455,1984,ComplieTime,No,PaymentNotDoneMethod
1135,42,1,43,10,393,NullPointerException,"Thursday, 12 January, 2012","Tuesday, 28 July, 2020",Yes,11:51:25,1135,1970,SyntaxError,No,IllegalKeyGeneration
1114,268,19,10,10,150,ParseException,"Monday, 22 July, 2013","Monday, 22 July, 2019",Yes,17:08:44,1114,2056,ComplieTime,Yes,MoreNumberOFUser
1477,465,19,59,5,371,ArithematicException,"Monday, 6 June, 2011","Monday, 27 October, 2014",No,06:39:46,1477,1875,Runtime,Yes,ServerStorage
1219,389,25,36,1,378,ClassCastException,"Monday, 3 September, 2012","Friday, 7 July, 2017",Yes,16:19:30,1219,1768,ComplieTime,No,MoreNumberOFUser
1464,487,25,15,9,468,NoSuchMethodException,"Friday, 25 May, 2018","Thursday, 29 December, 2011",No,10:27:01,1464,2035,LogicError,Yes,NullValue
1216,245,18,19,5,306,ArithematicException,"Wednesday, 23 May, 2012","Monday, 20 April, 2020",Yes,08:22:54,1216,1946,LogicError,Yes,PaymentNotDoneMethod
1430,225,21,39,13,288,NumberFormatException,"Monday, 5 May, 2014","Thursday, 9 February, 2017",No,16:45:26,1430,1734,LogicError,Yes,MoreNumberOFUser
1578,56,24,58,11,354,ArithematicException,"Monday, 28 October, 2013","Tuesday, 22 April, 2014",Yes,07:22:25,1578,1840,Runtime,Yes,IllegalKeyGeneration
1202,13,28,57,13,263,IllegalStateException,"Tuesday, 8 January, 2019","Thursday, 20 October, 2011",Yes,08:47:30,1202,1846,ComplieTime,Yes,NullValue
1240,443,3,60,13,134,ParseException,"Thursday, 3 March, 2011","Wednesday, 13 October, 2010",Yes,18:36:24,1240,1625,LogicError,Yes,NullValue
1549,105,23,49,3,498,NumberFormatException,"Monday, 16 July, 2018","Monday, 27 November, 2017",Yes,12:15:20,1549,2099,LogicError,No,MoreNumberOFUser
1500,197,1,41,12,184,IllegalArgumentException,"Friday, 11 January, 2013","Monday, 12 December, 2011",Yes,16:55:46,1500,1992,SyntaxError,Yes,ServerStorage
1532,85,19,11,11,165,ClassCastException,"Monday, 10 January, 2011","Thursday, 10 October, 2019",Yes,10:20:28,1532,1615,Runtime,No,NullValue
1112,164,6,49,6,342,IllegalArgumentException,"Monday, 27 August, 2018","Wednesday, 8 September, 2010",Yes,09:29:54,1112,1742,ComplieTime,No,PaymentNotDoneMethod
1205,356,26,16,6,375,ArithematicException,"Monday, 21 May, 2018","Thursday, 18 September, 2014",Yes,16:56:35,1205,1840,SyntaxError,Yes,NullValue
1448,125,5,16,1,29,NumberFormatException,"Wednesday, 16 December, 2015","Wednesday, 11 April, 2012",Yes,09:50:09,1448,1784,SyntaxError,Yes,IllegalKeyGeneration
1129,335,14,43,4,308,IllegalStateException,"Monday, 20 June, 2016","Monday, 27 July, 2015",Yes,14:32:24,1129,2091,Runtime,Yes,IllegalKeyGeneration
1191,301,5,54,1,186,ParseException,"Wednesday, 25 September, 2019","Monday, 7 October, 2019",Yes,13:44:51,1191,1924,ComplieTime,No,ServerStorage
1261,330,20,57,3,400,NumberFormatException,"Friday, 27 July, 2018","Wednesday, 26 December, 2018",No,07:16:37,1261,1974,SyntaxError,Yes,NullValue
1502,207,5,40,2,456,InvocationTargetException,"Monday, 20 October, 2014","Friday, 10 February, 2017",Yes,15:14:32,1502,1628,ComplieTime,Yes,MoreNumberOFUser
1165,424,19,51,5,373,NullPointerException,"Wednesday, 21 November, 2018","Friday, 28 September, 2018",Yes,06:37:57,1165,1695,LogicError,No,ServerStorage
1106,276,1,18,13,338,NoSuchMethodException,"Thursday, 11 July, 2013","Wednesday, 8 August, 2012",No,17:14:13,1106,1979,Runtime,No,PaymentNotDoneMethod
1592,412,13,45,6,466,NoSuchMethodException,"Tuesday, 1 March, 2011","Wednesday, 28 May, 2014",No,15:47:55,1592,1801,LogicError,No,NullValue
1568,440,2,12,3,3,ArithematicException,"Thursday, 28 May, 2015","Wednesday, 18 April, 2012",No,12:19:33,1568,1725,SyntaxError,Yes,IllegalKeyGeneration
1259,488,17,14,1,477,IllegalStateException,"Wednesday, 25 August, 2010","Monday, 31 December, 2012",Yes,16:41:11,1259,1941,SyntaxError,No,PaymentNotDoneMethod
1308,488,27,13,13,263,IllegalArgumentException,"Monday, 18 November, 2019","Monday, 7 September, 2015",Yes,18:40:23,1308,2058,SyntaxError,No,IllegalKeyGeneration
1538,221,22,41,10,158,InvocationTargetException,"Monday, 4 April, 2016","Wednesday, 20 March, 2013",Yes,10:06:48,1538,2092,Runtime,Yes,NullValue
1223,343,6,33,12,121,RuntimeException,"Tuesday, 1 July, 2014","Tuesday, 15 September, 2015",No,14:13:59,1223,1897,SyntaxError,No,ServerStorage
1290,154,21,23,13,121,ArithematicException,"Thursday, 24 April, 2014","Monday, 7 February, 2011",No,18:44:04,1290,2001,Runtime,Yes,ServerStorage
1466,201,21,11,10,177,ClassCastException,"Thursday, 15 December, 2016","Monday, 8 October, 2018",No,12:31:06,1466,1755,Runtime,Yes,PaymentNotDoneMethod
1109,208,6,31,12,312,IllegalStateException,"Monday, 14 January, 2019","Tuesday, 4 August, 2015",No,13:26:59,1109,1927,ComplieTime,Yes,NullValue
1578,494,8,25,5,65,RuntimeException,"Monday, 9 April, 2018","Friday, 9 August, 2013",Yes,09:43:48,1578,1627,SyntaxError,Yes,PaymentNotDoneMethod
1420,335,25,41,3,20,RuntimeException,"Wednesday, 28 December, 2016","Monday, 24 October, 2011",No,16:03:43,1420,1628,SyntaxError,Yes,MoreNumberOFUser
1320,11,30,40,12,4,ClassCastException,"Monday, 1 September, 2014","Tuesday, 26 June, 2018",Yes,09:38:47,1320,1945,Runtime,No,MoreNumberOFUser
1373,231,29,41,5,98,InvocationTargetException,"Monday, 21 October, 2013","Monday, 7 May, 2018",No,10:11:52,1373,2014,LogicError,No,NullValue
1407,127,28,22,2,398,NullPointerException,"Friday, 30 March, 2018","Thursday, 12 September, 2013",Yes,11:48:25,1407,1968,ComplieTime,No,IllegalKeyGeneration
1541,40,14,45,12,7,IllegalArgumentException,"Monday, 15 September, 2014","Wednesday, 21 December, 2011",No,18:02:57,1541,1683,LogicError,Yes,ServerStorage
1525,410,9,40,8,66,ParseException,"Wednesday, 19 July, 2017","Thursday, 11 July, 2013",No,09:26:12,1525,1988,SyntaxError,No,NullValue
1284,412,15,29,11,22,NoSuchMethodException,"Tuesday, 28 December, 2010","Monday, 12 December, 2011",Yes,07:14:24,1284,2038,SyntaxError,Yes,ServerStorage
1599,363,30,34,2,341,ClassCastException,"Monday, 8 June, 2020","Monday, 3 December, 2012",Yes,16:43:26,1599,1617,ComplieTime,No,NullValue
1581,419,6,14,7,114,ClassCastException,"Monday, 22 September, 2014","Tuesday, 21 February, 2012",No,08:46:02,1581,1698,LogicError,Yes,IllegalKeyGeneration
1319,281,30,11,7,149,ParseException,"Monday, 20 August, 2012","Tuesday, 10 January, 2017",No,12:43:13,1319,1660,ComplieTime,No,PaymentNotDoneMethod
1562,307,21,40,6,212,NumberFormatException,"Friday, 2 February, 2018","Monday, 18 June, 2018",Yes,11:14:27,1562,1919,ComplieTime,Yes,NullValue
1183,279,14,48,8,368,IllegalStateException,"Thursday, 6 December, 2012","Monday, 1 June, 2020",No,16:09:27,1183,1614,LogicError,Yes,MoreNumberOFUser
1359,209,15,21,9,489,IllegalStateException,"Monday, 10 February, 2020","Tuesday, 19 August, 2014",Yes,07:33:30,1359,1676,LogicError,Yes,NullValue
1169,24,23,33,11,499,ParseException,"Monday, 9 July, 2018","Friday, 15 November, 2013",Yes,09:16:49,1169,1965,SyntaxError,No,MoreNumberOFUser
1144,68,18,24,11,457,IllegalArgumentException,"Friday, 1 May, 2020","Friday, 9 February, 2018",Yes,11:42:28,1144,1906,SyntaxError,No,IllegalKeyGeneration
1429,486,21,51,5,490,ParseException,"Thursday, 17 November, 2016","Monday, 20 October, 2014",Yes,07:46:47,1429,1830,LogicError,Yes,MoreNumberOFUser
1587,273,3,41,1,22,ParseException,"Wednesday, 26 June, 2013","Friday, 8 June, 2012",Yes,10:53:20,1587,1747,SyntaxError,Yes,NullValue
1155,289,28,39,2,440,InvocationTargetException,"Friday, 23 September, 2016","Monday, 28 March, 2011",No,07:12:19,1155,1632,LogicError,Yes,NullValue
1211,343,23,42,13,390,ParseException,"Wednesday, 26 March, 2014","Monday, 30 September, 2013",No,06:20:35,1211,1701,Runtime,No,MoreNumberOFUser
1349,476,10,51,10,419,ArithematicException,"Tuesday, 9 November, 2010","Wednesday, 18 April, 2018",Yes,12:08:30,1349,1625,SyntaxError,Yes,NullValue
1118,47,28,50,13,344,InvocationTargetException,"Monday, 18 June, 2018","Wednesday, 30 March, 2011",Yes,15:22:51,1118,2049,ComplieTime,Yes,ServerStorage
1228,395,7,55,12,407,ClassCastException,"Friday, 4 May, 2018","Tuesday, 20 October, 2015",Yes,10:16:53,1228,1940,SyntaxError,Yes,ServerStorage
1573,456,10,41,11,458,NullPointerException,"Friday, 24 September, 2010","Wednesday, 29 January, 2014",Yes,16:34:42,1573,1768,LogicError,No,PaymentNotDoneMethod
1165,296,15,28,6,353,IllegalArgumentException,"Monday, 11 December, 2017","Monday, 27 December, 2010",No,11:13:24,1165,1629,LogicError,No,NullValue
1165,248,12,49,7,112,IllegalArgumentException,"Thursday, 17 March, 2011","Monday, 20 November, 2017",Yes,08:31:16,1165,1967,ComplieTime,No,PaymentNotDoneMethod
1544,202,24,39,8,492,RuntimeException,"Monday, 22 February, 2016","Tuesday, 11 March, 2014",Yes,07:58:11,1544,1909,Runtime,No,MoreNumberOFUser
1291,176,9,35,12,65,ClassCastException,"Wednesday, 1 January, 2014","Monday, 14 November, 2016",Yes,08:09:54,1291,2071,ComplieTime,No,PaymentNotDoneMethod
1569,449,19,20,9,466,InvocationTargetException,"Thursday, 6 December, 2012","Tuesday, 19 May, 2020",Yes,17:09:33,1569,1633,ComplieTime,No,PaymentNotDoneMethod
1421,257,25,14,12,221,IllegalStateException,"Monday, 5 July, 2010","Monday, 20 September, 2010",No,13:18:39,1421,1727,Runtime,Yes,IllegalKeyGeneration
1461,135,11,11,12,460,NoSuchMethodException,"Monday, 16 November, 2015","Monday, 27 December, 2010",No,06:14:41,1461,1971,SyntaxError,Yes,IllegalKeyGeneration
1477,476,23,55,4,440,IllegalStateException,"Monday, 2 April, 2012","Wednesday, 19 October, 2011",No,07:01:35,1477,2084,Runtime,Yes,MoreNumberOFUser
1335,308,23,28,3,394,NoSuchMethodException,"Thursday, 20 September, 2012","Wednesday, 12 August, 2015",No,09:54:54,1335,1782,ComplieTime,No,MoreNumberOFUser
1565,309,11,27,4,259,NoSuchMethodException,"Thursday, 3 December, 2015","Monday, 11 February, 2019",No,11:52:57,1565,1611,LogicError,No,PaymentNotDoneMethod
1175,500,21,32,13,18,InvocationTargetException,"Monday, 28 September, 2015","Wednesday, 23 March, 2016",Yes,16:21:30,1175,1771,ComplieTime,Yes,ServerStorage
1249,468,19,57,13,172,RuntimeException,"Tuesday, 7 August, 2012","Monday, 26 December, 2011",Yes,13:16:39,1249,1713,LogicError,Yes,MoreNumberOFUser
1174,114,14,55,2,154,IllegalStateException,"Wednesday, 22 November, 2017","Monday, 15 July, 2019",No,06:30:28,1174,1948,Runtime,No,ServerStorage
1323,436,7,17,9,252,ParseException,"Wednesday, 22 November, 2017","Monday, 14 October, 2013",No,07:45:59,1323,1602,Runtime,Yes,MoreNumberOFUser
1416,340,22,52,7,373,NumberFormatException,"Monday, 15 August, 2016","Monday, 22 June, 2015",No,14:11:56,1416,1961,ComplieTime,Yes,PaymentNotDoneMethod
1550,403,24,11,9,209,ClassCastException,"Wednesday, 26 December, 2012","Monday, 21 October, 2019",Yes,16:46:27,1550,1967,LogicError,No,IllegalKeyGeneration
1322,426,7,33,2,107,ClassCastException,"Monday, 16 February, 2015","Tuesday, 30 October, 2018",Yes,09:23:18,1322,2051,SyntaxError,No,IllegalKeyGeneration
1119,304,29,58,9,483,IllegalArgumentException,"Monday, 20 January, 2014","Thursday, 16 May, 2013",No,18:20:33,1119,1727,Runtime,No,ServerStorage
1137,36,22,31,10,79,ClassCastException,"Monday, 30 October, 2017","Wednesday, 10 January, 2018",No,07:28:28,1137,1886,SyntaxError,No,MoreNumberOFUser
1396,270,27,60,3,239,IllegalStateException,"Friday, 5 May, 2017","Monday, 20 December, 2010",No,13:54:01,1396,1858,LogicError,Yes,ServerStorage
1359,423,13,39,11,180,ParseException,"Wednesday, 25 October, 2017","Friday, 12 June, 2020",No,07:48:33,1359,1820,LogicError,No,ServerStorage
1234,240,25,25,9,445,ArithematicException,"Monday, 3 December, 2012","Monday, 24 October, 2011",No,11:05:01,1234,1983,Runtime,No,IllegalKeyGeneration
1405,453,20,26,12,133,RuntimeException,"Tuesday, 19 April, 2011","Monday, 9 July, 2018",No,14:49:27,1405,1964,Runtime,No,NullValue
1590,147,8,46,6,219,IllegalArgumentException,"Monday, 28 September, 2015","Tuesday, 18 September, 2018",Yes,10:38:39,1590,2040,LogicError,No,ServerStorage
1331,262,30,58,8,280,ClassCastException,"Tuesday, 4 August, 2015","Monday, 25 June, 2018",No,13:55:36,1331,2100,ComplieTime,Yes,PaymentNotDoneMethod
1258,242,30,58,9,348,NumberFormatException,"Monday, 25 December, 2017","Wednesday, 13 July, 2011",Yes,18:30:37,1258,1744,LogicError,Yes,IllegalKeyGeneration
1175,236,25,18,6,191,RuntimeException,"Friday, 4 March, 2011","Monday, 4 November, 2013",Yes,12:49:48,1175,1618,ComplieTime,Yes,MoreNumberOFUser
1295,175,23,36,8,468,NullPointerException,"Monday, 9 May, 2011","Wednesday, 8 November, 2017",No,06:54:51,1295,1988,ComplieTime,No,ServerStorage
1129,160,23,37,5,322,NullPointerException,"Thursday, 1 July, 2010","Wednesday, 6 July, 2016",No,06:11:22,1129,1796,SyntaxError,Yes,PaymentNotDoneMethod
1282,136,7,34,1,493,ParseException,"Monday, 9 December, 2013","Thursday, 22 September, 2011",Yes,10:36:03,1282,2058,SyntaxError,Yes,ServerStorage
1505,348,10,43,13,472,NullPointerException,"Monday, 24 January, 2011","Monday, 1 June, 2020",Yes,15:18:43,1505,1762,ComplieTime,No,NullValue
1556,218,1,59,4,273,ParseException,"Tuesday, 12 January, 2016","Wednesday, 22 November, 2017",Yes,09:02:23,1556,1644,Runtime,Yes,PaymentNotDoneMethod
1508,458,29,12,10,384,InvocationTargetException,"Friday, 17 August, 2018","Tuesday, 15 September, 2015",No,12:19:53,1508,1650,SyntaxError,No,PaymentNotDoneMethod
1587,343,30,15,9,96,RuntimeException,"Wednesday, 13 March, 2013","Thursday, 15 January, 2015",Yes,13:52:43,1587,1616,SyntaxError,Yes,NullValue
1516,54,4,54,6,58,NullPointerException,"Thursday, 27 July, 2017","Monday, 17 November, 2014",No,17:57:30,1516,2000,LogicError,No,MoreNumberOFUser
1284,468,11,58,7,36,ParseException,"Friday, 7 June, 2013","Wednesday, 30 March, 2016",No,06:40:14,1284,1929,SyntaxError,No,IllegalKeyGeneration
1178,205,7,16,10,159,ArithematicException,"Tuesday, 24 December, 2013","Thursday, 28 July, 2016",No,09:17:51,1178,1853,SyntaxError,No,NullValue
1169,185,27,36,1,198,ParseException,"Thursday, 16 January, 2014","Monday, 15 April, 2019",No,11:15:18,1169,1913,Runtime,No,IllegalKeyGeneration
1339,208,9,18,10,409,IllegalArgumentException,"Thursday, 18 May, 2017","Monday, 23 May, 2016",Yes,08:42:55,1339,1877,ComplieTime,Yes,MoreNumberOFUser
1197,99,19,35,4,455,InvocationTargetException,"Monday, 19 November, 2018","Monday, 7 January, 2013",No,09:36:54,1197,2071,ComplieTime,No,PaymentNotDoneMethod
1106,169,6,45,12,294,NoSuchMethodException,"Monday, 12 December, 2011","Friday, 23 May, 2014",No,09:38:57,1106,1649,ComplieTime,Yes,IllegalKeyGeneration
1533,459,11,39,10,440,ParseException,"Monday, 12 December, 2016","Monday, 5 May, 2014",Yes,16:35:26,1533,1956,SyntaxError,No,NullValue
1506,351,27,41,2,422,RuntimeException,"Monday, 30 December, 2013","Friday, 31 December, 2010",Yes,12:20:51,1506,2039,SyntaxError,No,IllegalKeyGeneration
1559,455,17,13,3,297,RuntimeException,"Monday, 10 September, 2012","Monday, 26 May, 2014",Yes,10:54:32,1559,1977,ComplieTime,No,ServerStorage
1510,452,4,41,6,278,InvocationTargetException,"Monday, 12 August, 2019","Tuesday, 6 October, 2015",No,13:51:33,1510,1602,LogicError,No,IllegalKeyGeneration
1298,367,4,16,7,21,NoSuchMethodException,"Friday, 9 March, 2012","Friday, 27 August, 2010",No,08:27:09,1298,1951,ComplieTime,Yes,MoreNumberOFUser
1472,161,2,22,10,36,NullPointerException,"Wednesday, 23 October, 2019","Monday, 17 February, 2014",Yes,09:48:53,1472,1954,SyntaxError,No,PaymentNotDoneMethod
1372,98,28,47,10,373,IllegalArgumentException,"Thursday, 4 June, 2020","Thursday, 21 February, 2019",Yes,06:16:53,1372,1660,SyntaxError,No,ServerStorage
1245,92,22,60,8,309,ParseException,"Friday, 12 October, 2012","Wednesday, 29 June, 2016",Yes,08:28:19,1245,1857,SyntaxError,No,ServerStorage
1546,92,22,43,10,252,ParseException,"Friday, 19 June, 2020","Tuesday, 16 July, 2013",No,13:48:58,1546,1877,SyntaxError,No,PaymentNotDoneMethod
1328,250,15,59,13,116,NumberFormatException,"Wednesday, 18 March, 2015","Thursday, 16 October, 2014",Yes,09:41:05,1328,1741,LogicError,Yes,PaymentNotDoneMethod
1381,100,24,52,8,156,NumberFormatException,"Tuesday, 31 October, 2017","Monday, 27 July, 2020",Yes,13:54:43,1381,1817,Runtime,No,IllegalKeyGeneration
1495,84,10,49,2,456,NullPointerException,"Monday, 17 December, 2018","Tuesday, 18 December, 2018",No,07:14:41,1495,1781,Runtime,Yes,NullValue
1590,236,27,49,7,8,ClassCastException,"Friday, 19 June, 2015","Monday, 13 July, 2020",Yes,14:15:08,1590,2022,Runtime,Yes,MoreNumberOFUser
1337,68,13,14,4,482,NoSuchMethodException,"Wednesday, 20 February, 2019","Wednesday, 20 September, 2017",No,16:12:12,1337,1817,Runtime,Yes,PaymentNotDoneMethod
1469,7,3,58,11,178,ArithematicException,"Thursday, 3 May, 2012","Wednesday, 18 September, 2013",Yes,17:54:23,1469,1645,SyntaxError,No,MoreNumberOFUser
1509,432,27,34,11,44,NoSuchMethodException,"Monday, 22 November, 2010","Monday, 2 November, 2015",No,10:30:49,1509,1804,LogicError,No,IllegalKeyGeneration
1548,436,6,44,3,265,NumberFormatException,"Wednesday, 4 May, 2016","Friday, 6 August, 2010",Yes,07:22:12,1548,1880,ComplieTime,Yes,ServerStorage
1357,40,22,33,1,97,RuntimeException,"Wednesday, 24 November, 2010","Monday, 27 August, 2012",Yes,11:36:23,1357,1720,ComplieTime,No,MoreNumberOFUser
1117,396,11,14,10,399,InvocationTargetException,"Monday, 3 August, 2015","Monday, 9 June, 2014",No,09:09:54,1117,1922,Runtime,No,MoreNumberOFUser
1400,385,27,55,5,439,ClassCastException,"Wednesday, 31 August, 2011","Thursday, 28 January, 2016",No,11:56:48,1400,2081,LogicError,Yes,PaymentNotDoneMethod
1377,4,24,12,11,193,IllegalStateException,"Tuesday, 8 May, 2012","Tuesday, 8 February, 2011",Yes,16:44:54,1377,1762,SyntaxError,Yes,MoreNumberOFUser
1184,221,13,50,13,377,InvocationTargetException,"Friday, 5 November, 2010","Wednesday, 9 March, 2011",Yes,10:15:52,1184,1688,LogicError,No,ServerStorage
1581,41,9,45,1,265,ArithematicException,"Monday, 9 February, 2015","Monday, 3 April, 2017",Yes,09:42:07,1581,1929,SyntaxError,Yes,NullValue
1231,12,23,12,3,120,NullPointerException,"Monday, 19 September, 2011","Monday, 17 November, 2014",Yes,10:00:04,1231,2044,ComplieTime,Yes,NullValue
1376,479,10,22,1,241,NullPointerException,"Monday, 27 October, 2014","Monday, 20 July, 2020",No,18:52:43,1376,1852,SyntaxError,Yes,ServerStorage
1531,428,7,53,6,141,IllegalArgumentException,"Monday, 17 October, 2016","Tuesday, 14 February, 2017",Yes,15:03:12,1531,2017,SyntaxError,No,IllegalKeyGeneration
1103,425,1,14,2,122,InvocationTargetException,"Monday, 25 February, 2013","Thursday, 13 October, 2016",No,06:12:25,1103,1806,Runtime,Yes,MoreNumberOFUser
1251,194,19,59,1,41,IllegalArgumentException,"Thursday, 13 October, 2011","Monday, 16 April, 2012",Yes,07:39:15,1251,1849,Runtime,Yes,PaymentNotDoneMethod
1136,423,26,13,4,271,RuntimeException,"Wednesday, 25 April, 2012","Wednesday, 23 August, 2017",Yes,17:53:34,1136,1607,ComplieTime,No,IllegalKeyGeneration
1334,131,3,31,8,271,IllegalArgumentException,"Tuesday, 10 June, 2014","Monday, 23 September, 2013",No,12:08:13,1334,1624,SyntaxError,Yes,IllegalKeyGeneration
1409,363,14,38,12,334,IllegalStateException,"Monday, 16 June, 2014","Monday, 16 July, 2012",No,12:41:58,1409,1872,ComplieTime,Yes,NullValue
1259,162,14,34,6,484,IllegalStateException,"Friday, 7 December, 2018","Monday, 15 May, 2017",No,06:26:31,1259,2076,LogicError,No,NullValue
1242,210,16,48,3,171,IllegalStateException,"Monday, 7 October, 2019","Monday, 30 December, 2013",No,06:17:40,1242,2090,Runtime,Yes,IllegalKeyGeneration
1209,221,12,19,6,213,NullPointerException,"Monday, 9 November, 2015","Monday, 24 December, 2018",Yes,10:17:43,1209,2066,ComplieTime,Yes,NullValue
1220,433,22,18,3,156,ClassCastException,"Tuesday, 17 January, 2017","Monday, 21 May, 2012",Yes,12:27:16,1220,2039,LogicError,Yes,IllegalKeyGeneration
1375,447,7,42,12,294,ParseException,"Monday, 4 July, 2011","Wednesday, 12 January, 2011",Yes,11:51:06,1375,1826,LogicError,No,ServerStorage
1315,213,22,57,1,58,RuntimeException,"Thursday, 19 March, 2015","Friday, 8 June, 2018",No,18:50:33,1315,2024,SyntaxError,Yes,NullValue
1414,10,20,43,4,344,InvocationTargetException,"Tuesday, 22 November, 2016","Wednesday, 14 August, 2019",No,17:49:55,1414,1961,LogicError,No,NullValue
1165,263,17,37,1,404,NumberFormatException,"Wednesday, 22 June, 2016","Monday, 28 December, 2015",No,10:59:13,1165,2010,Runtime,Yes,IllegalKeyGeneration
1347,382,11,47,13,368,ArithematicException,"Monday, 17 June, 2019","Monday, 13 June, 2011",No,18:34:27,1347,2074,ComplieTime,No,NullValue
1526,417,13,56,9,246,IllegalStateException,"Wednesday, 27 June, 2012","Wednesday, 3 April, 2013",No,14:21:06,1526,1960,ComplieTime,Yes,NullValue
1584,57,16,19,2,311,NullPointerException,"Monday, 22 June, 2020","Wednesday, 4 January, 2012",Yes,06:28:30,1584,1666,SyntaxError,Yes,NullValue
1297,143,29,57,11,163,IllegalStateException,"Wednesday, 2 July, 2014","Friday, 10 February, 2017",Yes,18:56:11,1297,2063,ComplieTime,Yes,MoreNumberOFUser
1376,415,17,17,6,237,IllegalStateException,"Friday, 18 April, 2014","Tuesday, 26 July, 2016",No,15:09:18,1376,1910,LogicError,No,ServerStorage
1261,91,17,53,5,166,RuntimeException,"Thursday, 6 October, 2011","Thursday, 10 September, 2015",No,12:26:41,1261,1746,ComplieTime,Yes,ServerStorage
1235,413,27,18,12,226,IllegalArgumentException,"Monday, 24 March, 2014","Tuesday, 12 April, 2016",Yes,12:44:48,1235,1891,LogicError,Yes,PaymentNotDoneMethod
1308,463,21,12,9,305,NoSuchMethodException,"Monday, 23 September, 2019","Wednesday, 28 October, 2015",No,14:12:23,1308,1855,Runtime,Yes,ServerStorage
1371,300,20,11,4,396,RuntimeException,"Monday, 23 August, 2010","Monday, 16 September, 2013",Yes,07:23:30,1371,1834,SyntaxError,Yes,NullValue
1406,227,3,33,4,392,NullPointerException,"Monday, 23 December, 2013","Friday, 11 May, 2018",No,14:55:08,1406,1628,Runtime,Yes,ServerStorage
1216,399,3,14,1,375,NumberFormatException,"Monday, 16 July, 2012","Monday, 19 July, 2010",Yes,06:10:58,1216,2087,Runtime,Yes,PaymentNotDoneMethod
1143,126,15,21,7,386,NumberFormatException,"Monday, 13 February, 2017","Thursday, 28 January, 2016",No,07:07:29,1143,1922,SyntaxError,Yes,NullValue
1525,235,27,57,6,263,IllegalStateException,"Monday, 19 February, 2018","Monday, 17 January, 2011",Yes,08:26:16,1525,1860,SyntaxError,Yes,MoreNumberOFUser
1446,245,17,57,4,250,RuntimeException,"Monday, 25 November, 2019","Monday, 26 June, 2017",No,15:51:06,1446,1895,ComplieTime,Yes,NullValue
1549,278,14,54,11,265,NoSuchMethodException,"Monday, 28 October, 2019","Monday, 17 September, 2012",No,14:06:37,1549,1726,SyntaxError,No,NullValue
1366,5,30,57,13,351,IllegalArgumentException,"Friday, 30 January, 2015","Wednesday, 12 December, 2018",Yes,08:09:45,1366,1650,ComplieTime,No,PaymentNotDoneMethod
1399,180,21,28,5,397,RuntimeException,"Thursday, 6 December, 2012","Monday, 30 November, 2015",No,08:04:01,1399,1733,ComplieTime,Yes,ServerStorage
1255,499,25,44,6,401,InvocationTargetException,"Monday, 9 July, 2012","Wednesday, 19 June, 2013",Yes,15:16:54,1255,2010,SyntaxError,Yes,NullValue
1186,330,2,18,1,232,NullPointerException,"Monday, 2 May, 2011","Monday, 1 October, 2018",No,08:55:12,1186,1930,LogicError,Yes,PaymentNotDoneMethod
1336,144,20,33,1,302,InvocationTargetException,"Wednesday, 16 October, 2019","Monday, 31 December, 2018",No,09:09:45,1336,1913,ComplieTime,No,PaymentNotDoneMethod
1230,89,5,45,3,116,ClassCastException,"Wednesday, 31 July, 2019","Thursday, 21 March, 2013",Yes,16:08:48,1230,1951,SyntaxError,Yes,MoreNumberOFUser
1502,359,26,33,11,359,IllegalStateException,"Monday, 9 March, 2020","Monday, 2 August, 2010",Yes,16:46:17,1502,1656,Runtime,Yes,PaymentNotDoneMethod
1509,307,8,14,3,213,InvocationTargetException,"Friday, 1 May, 2020","Monday, 6 June, 2011",Yes,06:12:38,1509,1709,SyntaxError,No,NullValue
1227,314,25,10,11,211,ArithematicException,"Thursday, 22 August, 2013","Friday, 25 August, 2017",No,06:23:44,1227,1613,Runtime,Yes,MoreNumberOFUser
1164,16,7,37,11,172,ClassCastException,"Monday, 4 June, 2012","Thursday, 10 October, 2019",Yes,06:53:22,1164,2041,ComplieTime,No,ServerStorage
1502,378,30,24,9,121,IllegalStateException,"Tuesday, 5 December, 2017","Friday, 22 March, 2019",Yes,15:15:26,1502,1917,SyntaxError,Yes,NullValue
1352,211,16,55,1,270,InvocationTargetException,"Tuesday, 28 May, 2013","Friday, 29 October, 2010",No,16:40:58,1352,2094,ComplieTime,No,PaymentNotDoneMethod
1361,414,26,10,11,34,NumberFormatException,"Thursday, 12 April, 2012","Monday, 5 September, 2016",No,17:35:37,1361,1922,SyntaxError,Yes,IllegalKeyGeneration
1332,374,17,43,10,155,IllegalStateException,"Thursday, 1 February, 2018","Thursday, 14 August, 2014",No,18:59:57,1332,1734,ComplieTime,Yes,IllegalKeyGeneration
1389,340,24,49,10,449,NumberFormatException,"Wednesday, 6 March, 2019","Monday, 5 February, 2018",No,11:05:38,1389,1850,Runtime,Yes,NullValue
1132,326,25,37,2,160,RuntimeException,"Wednesday, 5 February, 2014","Wednesday, 17 May, 2017",No,12:28:52,1132,1699,Runtime,No,NullValue
1238,192,28,55,11,78,RuntimeException,"Wednesday, 12 December, 2012","Wednesday, 5 June, 2013",Yes,10:42:40,1238,1861,ComplieTime,Yes,IllegalKeyGeneration
1141,390,28,25,5,36,ClassCastException,"Monday, 24 June, 2013","Monday, 30 December, 2013",No,08:57:42,1141,1954,LogicError,Yes,MoreNumberOFUser
1351,437,13,44,5,422,NoSuchMethodException,"Friday, 20 June, 2014","Monday, 26 September, 2016",No,11:12:36,1351,1614,SyntaxError,Yes,NullValue
1575,492,4,12,13,39,NullPointerException,"Tuesday, 11 August, 2015","Wednesday, 6 June, 2012",Yes,06:06:53,1575,2079,SyntaxError,Yes,PaymentNotDoneMethod
1404,36,21,53,1,362,RuntimeException,"Wednesday, 17 June, 2015","Monday, 21 December, 2015",Yes,08:19:39,1404,1781,ComplieTime,Yes,MoreNumberOFUser
1519,260,1,17,9,39,InvocationTargetException,"Monday, 4 August, 2014","Thursday, 30 December, 2010",Yes,14:20:34,1519,1851,SyntaxError,No,MoreNumberOFUser
1235,50,3,20,13,307,ArithematicException,"Monday, 1 November, 2010","Tuesday, 15 September, 2015",No,07:35:51,1235,1813,SyntaxError,Yes,MoreNumberOFUser
1417,181,3,17,2,157,NoSuchMethodException,"Friday, 17 January, 2020","Thursday, 15 December, 2016",Yes,06:00:54,1417,1769,ComplieTime,Yes,IllegalKeyGeneration
1121,399,9,32,6,43,NumberFormatException,"Thursday, 22 November, 2012","Monday, 8 August, 2016",No,14:12:11,1121,1943,ComplieTime,No,PaymentNotDoneMethod
1600,108,18,11,5,188,NullPointerException,"Thursday, 26 July, 2012","Monday, 4 April, 2011",Yes,18:34:09,1600,1792,ComplieTime,No,ServerStorage
1112,91,22,46,8,363,RuntimeException,"Wednesday, 15 June, 2011","Monday, 21 November, 2016",Yes,15:14:41,1112,1823,SyntaxError,Yes,NullValue
1188,424,3,27,9,253,ArithematicException,"Monday, 18 April, 2016","Monday, 4 August, 2014",Yes,08:21:36,1188,1920,SyntaxError,Yes,ServerStorage
1391,206,15,28,5,233,ParseException,"Monday, 12 January, 2015","Thursday, 1 August, 2013",Yes,15:41:34,1391,1774,LogicError,No,NullValue
1342,463,21,31,6,92,IllegalStateException,"Monday, 14 February, 2011","Tuesday, 21 July, 2015",No,09:11:10,1342,1979,Runtime,Yes,PaymentNotDoneMethod
1335,28,10,16,6,456,ParseException,"Friday, 6 June, 2014","Monday, 28 January, 2019",No,12:34:00,1335,1872,Runtime,No,ServerStorage
1317,220,9,24,4,56,NoSuchMethodException,"Monday, 5 March, 2012","Monday, 8 August, 2016",No,11:02:45,1317,1745,ComplieTime,No,MoreNumberOFUser
1140,385,11,10,8,167,InvocationTargetException,"Monday, 15 June, 2015","Wednesday, 19 July, 2017",Yes,13:02:11,1140,2063,ComplieTime,No,PaymentNotDoneMethod
1226,36,15,28,8,491,InvocationTargetException,"Friday, 7 April, 2017","Monday, 24 June, 2019",No,12:49:02,1226,1743,LogicError,Yes,ServerStorage
1467,435,26,56,12,457,NullPointerException,"Friday, 14 June, 2013","Wednesday, 20 June, 2012",No,11:23:46,1467,1959,ComplieTime,Yes,PaymentNotDoneMethod
1197,182,26,45,5,404,ParseException,"Monday, 20 August, 2018","Friday, 19 June, 2020",Yes,09:42:11,1197,1974,SyntaxError,Yes,ServerStorage
1456,366,30,59,7,455,IllegalArgumentException,"Thursday, 29 March, 2012","Wednesday, 12 March, 2014",Yes,06:08:54,1456,1989,LogicError,No,PaymentNotDoneMethod
1285,345,13,56,12,499,ParseException,"Tuesday, 14 December, 2010","Thursday, 21 May, 2020",No,06:21:04,1285,1982,SyntaxError,No,NullValue
1138,464,30,23,3,366,IllegalStateException,"Wednesday, 10 January, 2018","Monday, 7 February, 2011",No,15:36:33,1138,1865,SyntaxError,Yes,IllegalKeyGeneration
1385,213,7,16,12,162,ClassCastException,"Monday, 23 February, 2015","Friday, 20 March, 2020",Yes,10:19:04,1385,1767,SyntaxError,Yes,IllegalKeyGeneration
1552,398,10,45,12,221,RuntimeException,"Friday, 28 August, 2015","Monday, 1 August, 2011",No,12:21:37,1552,2057,ComplieTime,Yes,PaymentNotDoneMethod
1259,407,17,33,5,52,ClassCastException,"Thursday, 20 August, 2015","Friday, 6 January, 2012",No,16:26:04,1259,1856,LogicError,No,PaymentNotDoneMethod
1518,230,11,18,2,326,ParseException,"Friday, 14 July, 2017","Monday, 23 July, 2012",Yes,11:22:37,1518,1799,LogicError,No,IllegalKeyGeneration
1306,192,14,59,12,381,InvocationTargetException,"Monday, 27 March, 2017","Friday, 14 December, 2012",No,13:18:17,1306,1919,SyntaxError,No,MoreNumberOFUser
1361,410,1,42,3,178,ClassCastException,"Wednesday, 24 July, 2019","Thursday, 24 December, 2015",No,08:52:35,1361,2055,Runtime,Yes,NullValue
1126,74,15,46,11,244,NumberFormatException,"Monday, 7 February, 2011","Friday, 10 January, 2014",No,18:52:31,1126,1652,SyntaxError,No,PaymentNotDoneMethod
1524,485,20,44,2,68,IllegalStateException,"Monday, 21 February, 2011","Friday, 6 December, 2013",No,06:16:18,1524,2035,ComplieTime,Yes,PaymentNotDoneMethod
1444,258,7,43,13,148,InvocationTargetException,"Monday, 3 March, 2014","Monday, 23 July, 2018",Yes,11:45:05,1444,1810,LogicError,No,NullValue
1287,66,4,53,6,263,NoSuchMethodException,"Monday, 4 September, 2017","Monday, 23 May, 2011",Yes,12:06:31,1287,1985,ComplieTime,Yes,ServerStorage
1529,16,30,12,3,244,NumberFormatException,"Tuesday, 24 June, 2014","Monday, 5 November, 2012",No,14:25:35,1529,1989,LogicError,No,PaymentNotDoneMethod
1210,438,8,10,10,496,RuntimeException,"Tuesday, 1 May, 2012","Monday, 10 October, 2011",No,18:51:30,1210,1909,Runtime,No,IllegalKeyGeneration
1457,445,28,15,2,419,NumberFormatException,"Friday, 15 November, 2013","Thursday, 15 September, 2016",Yes,18:16:29,1457,1946,Runtime,No,MoreNumberOFUser
1280,213,10,47,1,173,NoSuchMethodException,"Monday, 25 July, 2011","Friday, 19 August, 2011",Yes,12:46:11,1280,1791,Runtime,No,IllegalKeyGeneration
1278,382,14,50,7,100,NullPointerException,"Monday, 16 August, 2010","Tuesday, 21 August, 2012",No,13:03:10,1278,1650,LogicError,No,MoreNumberOFUser
1266,484,27,57,7,268,IllegalArgumentException,"Thursday, 5 August, 2010","Monday, 21 September, 2015",Yes,08:01:42,1266,1912,SyntaxError,No,IllegalKeyGeneration
1122,201,21,13,11,161,ParseException,"Monday, 20 June, 2016","Friday, 25 February, 2011",Yes,17:30:05,1122,1661,ComplieTime,Yes,MoreNumberOFUser
1473,307,25,53,2,63,ArithematicException,"Wednesday, 24 October, 2018","Friday, 14 December, 2018",Yes,15:30:19,1473,1894,SyntaxError,Yes,IllegalKeyGeneration
1474,260,20,11,8,204,IllegalStateException,"Thursday, 5 August, 2010","Monday, 18 March, 2013",No,12:43:45,1474,1869,ComplieTime,No,IllegalKeyGeneration
1501,223,18,24,5,15,ArithematicException,"Monday, 25 August, 2014","Monday, 10 August, 2015",No,18:00:52,1501,1779,LogicError,Yes,PaymentNotDoneMethod
1426,479,26,46,11,374,NumberFormatException,"Monday, 29 October, 2012","Thursday, 28 February, 2013",No,08:30:29,1426,1909,SyntaxError,No,PaymentNotDoneMethod
1472,381,24,36,11,192,ArithematicException,"Friday, 31 May, 2019","Friday, 21 June, 2013",No,18:45:40,1472,1982,Runtime,Yes,PaymentNotDoneMethod
1136,297,2,49,7,171,ParseException,"Monday, 25 January, 2016","Monday, 3 December, 2012",No,11:39:07,1136,1796,Runtime,No,IllegalKeyGeneration
1371,209,22,38,3,244,NumberFormatException,"Monday, 24 September, 2012","Wednesday, 29 August, 2018",No,11:45:11,1371,1959,SyntaxError,No,MoreNumberOFUser
1451,316,16,43,10,211,InvocationTargetException,"Wednesday, 24 November, 2010","Monday, 17 June, 2019",Yes,13:32:50,1451,1792,Runtime,Yes,ServerStorage
1177,302,22,16,12,320,RuntimeException,"Tuesday, 18 November, 2014","Monday, 8 August, 2011",Yes,18:24:20,1177,1605,LogicError,No,IllegalKeyGeneration
1307,205,17,46,10,128,ArithematicException,"Monday, 23 February, 2015","Thursday, 22 October, 2015",Yes,09:14:21,1307,1785,Runtime,No,IllegalKeyGeneration
1421,124,5,39,6,492,RuntimeException,"Wednesday, 1 November, 2017","Friday, 8 March, 2013",Yes,06:02:05,1421,1803,ComplieTime,Yes,MoreNumberOFUser
1392,11,25,37,8,248,InvocationTargetException,"Thursday, 5 October, 2017","Monday, 26 December, 2016",Yes,16:37:54,1392,1796,SyntaxError,Yes,ServerStorage
1598,444,13,52,12,149,IllegalStateException,"Tuesday, 29 July, 2014","Friday, 2 May, 2014",Yes,13:17:09,1598,2008,SyntaxError,No,PaymentNotDoneMethod
1494,124,4,40,10,415,ParseException,"Thursday, 16 July, 2020","Thursday, 2 January, 2020",No,07:19:34,1494,1698,Runtime,Yes,IllegalKeyGeneration
1495,382,25,59,10,99,IllegalArgumentException,"Monday, 24 April, 2017","Tuesday, 7 August, 2018",Yes,17:05:31,1495,1981,Runtime,No,PaymentNotDoneMethod
1567,292,24,23,2,177,IllegalStateException,"Wednesday, 28 December, 2011","Thursday, 22 March, 2018",Yes,06:42:25,1567,1838,ComplieTime,No,PaymentNotDoneMethod
1443,346,6,28,6,405,NumberFormatException,"Tuesday, 1 July, 2014","Monday, 16 July, 2018",Yes,16:12:44,1443,1877,SyntaxError,Yes,NullValue
1266,399,4,20,7,335,NumberFormatException,"Monday, 25 April, 2011","Monday, 17 December, 2012",Yes,11:12:50,1266,1702,Runtime,No,IllegalKeyGeneration
1457,372,12,11,5,75,ClassCastException,"Monday, 25 February, 2013","Tuesday, 30 November, 2010",Yes,08:44:18,1457,1788,Runtime,Yes,IllegalKeyGeneration
1542,107,29,31,12,431,NoSuchMethodException,"Monday, 20 August, 2012","Friday, 30 August, 2019",Yes,17:45:56,1542,1601,LogicError,No,NullValue
1499,118,18,47,13,115,NullPointerException,"Wednesday, 1 June, 2011","Monday, 14 November, 2011",No,18:17:39,1499,1745,Runtime,No,MoreNumberOFUser
1596,44,8,57,3,14,NoSuchMethodException,"Tuesday, 28 May, 2013","Wednesday, 4 November, 2015",Yes,09:27:55,1596,2001,LogicError,No,PaymentNotDoneMethod
1503,332,26,26,7,175,RuntimeException,"Wednesday, 25 September, 2019","Monday, 5 September, 2016",Yes,09:40:30,1503,1913,Runtime,No,IllegalKeyGeneration
1259,315,19,45,13,182,ParseException,"Friday, 25 March, 2016","Monday, 27 December, 2010",No,11:09:58,1259,1753,ComplieTime,Yes,NullValue
1328,438,2,24,11,215,IllegalStateException,"Monday, 23 January, 2012","Friday, 27 May, 2016",Yes,07:01:03,1328,1787,Runtime,Yes,MoreNumberOFUser
1544,74,15,28,7,214,ClassCastException,"Wednesday, 28 August, 2013","Tuesday, 21 August, 2018",No,06:45:07,1544,1988,SyntaxError,Yes,IllegalKeyGeneration
1107,49,28,25,12,29,NullPointerException,"Thursday, 24 March, 2011","Friday, 1 February, 2013",No,17:53:54,1107,2020,Runtime,Yes,MoreNumberOFUser
1209,459,21,45,8,470,NoSuchMethodException,"Monday, 29 April, 2019","Monday, 27 July, 2020",Yes,15:50:16,1209,2015,SyntaxError,No,IllegalKeyGeneration
1228,431,8,35,13,205,NoSuchMethodException,"Wednesday, 28 January, 2015","Monday, 17 October, 2016",No,16:21:08,1228,1919,LogicError,Yes,IllegalKeyGeneration
1125,270,22,47,1,136,NullPointerException,"Monday, 24 October, 2011","Friday, 17 February, 2017",Yes,11:29:52,1125,1821,Runtime,No,PaymentNotDoneMethod
1581,6,5,40,11,31,NullPointerException,"Monday, 30 August, 2010","Wednesday, 24 December, 2014",No,11:54:50,1581,1960,Runtime,Yes,IllegalKeyGeneration
1149,438,21,15,12,347,ParseException,"Friday, 22 January, 2016","Wednesday, 29 October, 2014",No,18:47:47,1149,1904,SyntaxError,No,PaymentNotDoneMethod
1117,252,14,47,8,449,ArithematicException,"Monday, 8 August, 2011","Thursday, 19 April, 2012",Yes,17:38:36,1117,1690,LogicError,No,PaymentNotDoneMethod
1223,491,9,21,10,164,NumberFormatException,"Tuesday, 24 September, 2019","Wednesday, 21 November, 2018",Yes,18:28:54,1223,1640,SyntaxError,No,IllegalKeyGeneration
1431,459,16,47,4,45,ParseException,"Monday, 20 September, 2010","Friday, 17 August, 2012",No,10:27:23,1431,1976,ComplieTime,No,PaymentNotDoneMethod
1190,438,18,30,5,396,RuntimeException,"Monday, 14 September, 2015","Friday, 20 January, 2012",No,08:56:51,1190,1806,LogicError,Yes,MoreNumberOFUser
1150,71,3,47,8,1,ClassCastException,"Friday, 29 June, 2012","Wednesday, 23 October, 2013",Yes,08:15:14,1150,2006,ComplieTime,No,NullValue
1476,375,26,48,7,209,InvocationTargetException,"Tuesday, 30 July, 2013","Thursday, 23 February, 2017",Yes,14:25:16,1476,1736,LogicError,No,ServerStorage
1438,389,27,21,9,161,InvocationTargetException,"Friday, 31 May, 2013","Wednesday, 30 December, 2015",No,08:53:23,1438,1618,SyntaxError,Yes,PaymentNotDoneMethod
